date,signal,close
2021-01-28,1,46922.5
2021-02-14,1,49564.33
2021-06-14,-1,42628.79
2021-08-13,-1,37770.5
2021-09-09,-1,38956.89
2021-09-27,1,41321.46
2022-03-01,-1,41713.13
2022-07-11,1,52179.41
2022-07-28,1,55291.98
2022-09-18,1,51028.88
2022-10-28,-1,41260.21
2022-11-15,-1,35734.27
2023-05-08,1,45553.53
2023-06-09,-1,31529.36
2023-12-12,-1,26413.42
2024-01-02,-1,24443.89
2024-01-27,1,26754.63
2024-04-02,-1,23435.64
2024-05-02,1,29645.23
2024-05-23,1,31730.83
2024-07-26,-1,22796.43
2024-11-01,1,26087.74
2024-12-14,1,30068.81
2025-01-27,1,32467.69
2025-03-25,-1,25399.95
2025-05-24,1,34411.89
2025-07-28,1,52385.13
2025-08-31,1,67867.68
2026-01-09,1,77969.87
2026-02-08,1,85380.94
2026-09-10,-1,82958.8
2026-10-11,-1,75914.39
2026-11-20,1,106873.47
2027-02-03,-1,80643.89
2027-02-24,-1,76370.83
2027-03-14,-1,70090.91
2027-04-16,-1,62171.63
2027-06-18,1,68214.93
2027-07-27,1,67610.61
2027-10-26,1,78117.59
2027-11-10,1,84423.25
2027-12-13,1,94450.04
2028-01-07,1,113489.53
2028-02-03,-1,110209.25
2028-03-21,1,138283.32
2028-05-25,-1,134744.55
2028-06-11,-1,124185.17
2028-07-31,-1,111551.6
2028-10-01,1,120556.06
2028-11-02,1,166569.19
2029-01-04,-1,152350.7
2029-02-17,1,204121.02
