entry_date,entry_price,signal,position,raw_return,adj_return,actual_return,pos_size,steps,reason,transaction_cost,slippage_cost,equity,drawdown
2021-01-28,46899.03875,1,SHORT,-0.03370220994134262,0.03220220994134262,0.01528664158480146,0.47470784187316895,1,sl_hit,0.0015,0.0004999999999998997,1.0152866415848014,0.0
2021-02-14,49539.547835000005,1,SHORT,-0.008036249469331036,0.006536249469331037,0.0028453904411861533,0.43532463908195496,2,sl_hit,0.0015,0.0004999999999998365,1.0181755284898308,0.0
2021-06-14,42650.104395,-1,LONG,0.03538574234244009,0.03388574234244009,0.01656158725212875,0.4887479543685913,1,tp_hit,0.0015,0.0004999999999999119,1.0350381313428976,0.0
2021-08-13,37789.38525,-1,LONG,0.01607580398519019,0.01457580398519019,0.007824715069842546,0.5368290543556213,2,tp_hit,0.0015,0.0004999999999998507,1.043137009807078,0.0
2021-09-09,38976.368445,-1,LONG,0.013706037178750931,0.012206037178750932,0.005460511090003856,0.4473614990711212,3,tp_hit,0.0015,0.0004999999999998883,1.048833071017523,0.0
2021-09-27,41300.79927,1,SHORT,0.04080451951988565,-0.042304519519885654,-0.017038244222438163,0.4027523398399353,1,tp_hit,0.0015,0.0004999999999997814,1.0309627970049566,0.01703824405998871
2022-03-01,41733.98656499999,-1,LONG,-0.06051414621188824,-0.06201414621188824,-0.02684642731177335,0.4329081177711487,5,sl_hit,0.0015,0.0004999999999997504,1.0032851292140206,0.04342725513512054
2022-07-11,52153.320295000005,1,SHORT,-0.04700275440055802,0.04550275440055802,0.026496341011201352,0.582301914691925,4,sl_hit,0.0015,0.0004999999999998754,1.0298685141291424,0.018081577737786743
2022-07-28,55264.334010000006,1,SHORT,0.06215697830318226,-0.06365697830318226,-0.028684153028236736,0.45060500502586365,3,tp_hit,0.0015,0.0004999999999998599,1.0003276080708994,0.04624707574971439
2022-09-18,51003.36556,1,SHORT,-0.025353119853993952,0.02385311985399395,0.012121039187357463,0.5081532001495361,2,tp_hit,0.0015,0.0004999999999998827,1.0124526182085223,0.03468659929538684
2022-10-28,41280.840104999996,-1,LONG,-0.040229077237176836,-0.04172907723717684,-0.01956970279368744,0.4689704179763794,1,sl_hit,0.0015,0.0004999999999997952,0.9926392213774908,0.053577495463354316
2022-11-15,35752.137135,-1,LONG,0.004925939513348579,0.0034259395133485787,0.001731437368804229,0.5053905248641968,2,sl_hit,0.0015,0.0004999999999998719,0.9943579140191245,0.05193882418883051
2023-05-08,45530.753235000004,1,SHORT,0.11441021430312079,-0.11591021430312079,-0.061250384449411555,0.5284295678138733,5,tp_hit,0.0015,0.000499999999999782,0.9334531095051383,0.11000793510483978
2023-06-09,31545.124679999997,-1,LONG,-0.040028837825458775,-0.04152883782545878,-0.018056645820738248,0.4347977638244629,2,sl_hit,0.0015,0.0004999999999997332,0.9165980773165372,0.1260782064317598
2023-12-12,26426.626709999997,-1,LONG,0.020901013816901015,0.019401013816901014,0.009945963520190454,0.5126517415046692,3,tp_hit,0.0015,0.0004999999999997564,0.9257145283562042,0.11738621224825953
2024-01-02,24456.111944999997,-1,LONG,0.026863552819729894,0.025363552819729893,0.010290916276878684,0.40573638677597046,2,tp_hit,0.0015,0.0004999999999996933,0.9352409790638081,0.10830330775180536
2024-01-27,26741.252685000003,1,SHORT,-0.04693001220931878,0.045430012209318776,0.027575415967356194,0.6069867610931396,1,sl_hit,0.0015,0.0004999999999997348,0.9610306380912101,0.08371440080926092
2024-04-02,23447.357819999997,-1,LONG,0.003963865810103554,0.002463865810103554,0.0011294325165910491,0.4583985507488251,2,sl_hit,0.0015,0.0004999999999997025,0.9621160573433107,0.08267951806981913
2024-05-02,29630.407385000002,1,SHORT,-0.035020531493770726,0.033520531493770725,0.01742044608302085,0.5196948051452637,4,sl_hit,0.0015,0.0004999999999997407,0.9788765482458686,0.06669938623959723
2024-05-23,31714.964585000005,1,SHORT,0.030630795200671995,-0.032130795200672,-0.018678093449624556,0.5813143849372864,1,tp_hit,0.0015,0.0004999999999997344,0.9605930006020863,0.08413166214192147
2024-07-26,22807.828214999998,-1,LONG,0.041075449015503286,0.039575449015503285,0.015554087023437543,0.39302363991737366,1,tp_hit,0.0015,0.0004999999999996681,0.9755341477275562,0.06988616646116474
2024-11-01,26074.696130000004,1,SHORT,-0.04115192233304794,0.039651922333047936,0.017920333505083375,0.4519411027431488,1,sl_hit,0.0015,0.00049999999999972,0.9930160450004312,0.053218216537317044
2024-12-14,30053.775595000003,1,SHORT,0.05675578396490106,-0.05825578396490106,-0.026025470269911095,0.446744829416275,1,tp_hit,0.0015,0.0004999999999997843,0.9671723354437277,0.07785865744678115
2025-01-27,32451.456155,1,SHORT,-0.08157396180791462,0.08007396180791462,0.04131279751172081,0.5159329771995544,1,sl_hit,0.0015,0.0004999999999998102,1.0071289302968527,0.03976241927858648
2025-03-25,25412.649975,-1,LONG,-0.03432266905882407,-0.03582266905882407,-0.015180555760589654,0.4237695336341858,1,sl_hit,0.0015,0.000499999999999785,0.9918401534123783,0.054339359271404035
2025-05-24,34394.684055,1,SHORT,-0.00904953639062913,0.0075495363906291305,0.003998357951909211,0.5296163558959961,2,tp_hit,0.0015,0.000499999999999899,0.9958058853767975,0.05055826956686131
2025-07-28,52358.937435,1,SHORT,0.015134711929240444,-0.016634711929240445,-0.009802112546460217,0.5892565250396729,2,sl_hit,0.0015,0.000499999999999858,0.9860448840139067,0.05986480417141555
2025-08-31,67833.74616,1,SHORT,0.03494184376031583,-0.03644184376031583,-0.017233982284798555,0.4729174077510834,3,tp_hit,0.0015,0.0004999999999998951,0.9690514039507947,0.07606707731732527
2026-01-09,77930.885065,1,SHORT,0.05493797563608412,-0.056437975636084124,-0.02564922935077181,0.4544675648212433,4,tp_hit,0.0015,0.0004999999999999411,0.9441959822381734,0.09976524451139195
2026-02-08,85338.24953,1,SHORT,0.027733982628360666,-0.029233982628360668,-0.01715176121817692,0.586706280708313,2,sl_hit,0.0015,0.0004999999999999575,0.9280013582076622,0.11520585591430461
2026-09-10,83000.2794,-1,LONG,-0.013382598324119154,-0.014882598324119154,-0.006151185131502837,0.41331392526626587,2,sl_hit,0.0015,0.0004999999999998979,0.9222930500510408,0.1206483884391974
2026-10-11,75952.347195,-1,LONG,-0.03279539457292292,-0.034295394572922924,-0.014792596610281596,0.4313289523124695,1,sl_hit,0.0015,0.0004999999999998737,0.9086499410051694,0.13365628196657886
2026-11-20,106820.033265,1,SHORT,-0.03581806350413545,0.03431806350413545,0.01777485070334236,0.5179444551467896,3,tp_hit,0.0015,0.0004999999999999128,0.9248010580481372,0.11825715189022885
2027-02-03,80684.21194499999,-1,LONG,-0.036334022162824026,-0.03783402216282403,-0.018493528960066213,0.4888068437576294,3,sl_hit,0.0015,0.0004999999999997988,0.9076982228988241,0.13456368861075338
2027-02-24,76409.015415,-1,LONG,-0.04763201561009835,-0.04913201561009835,-0.022574051917496087,0.45945706963539124,2,sl_hit,0.0015,0.0004999999999999335,0.8872077960896871,0.15410009262011032
